{
    "L": 100,
    "N": 10000,
    "zealot_spin": 1,
    "k_B": 1,
    "num_iterations": 1000000,
    "J_b": 0.00010001000100010001,
    "J_s": 1.01,
    "h_b": -1,
    "h_s": 10000,
    "number_of_MC_steps": 2,
    "seeds": [
        1,
        2,
        3,
        4,
        5,
        6,
        7,
        8,
        9,
        10,
        11,
        12,
        13,
        14,
        15,
        16,
        17,
        18,
        19,
        20
    ],
    "temperatures": [
        0.1,
        0.1285714285714286,
        0.15714285714285714,
        0.18571428571428572,
        0.2142857142857143,
        0.24285714285714285,
        0.27142857142857146,
        0.3,
        0.32857142857142857,
        0.3571428571428571,
        0.3857142857142857,
        0.41428571428571426,
        0.44285714285714284,
        0.4714285714285714,
        0.5,
        0.5285714285714286,
        0.5571428571428572,
        0.5857142857142857,
        0.6142857142857142,
        0.6428571428571428,
        0.6714285714285714,
        0.7,
        0.7285714285714285,
        0.7571428571428571,
        0.7857142857142857,
        0.8142857142857143,
        0.8428571428571429,
        0.8714285714285713,
        0.8999999999999999,
        0.9285714285714285,
        0.9571428571428571,
        0.9857142857142857,
        1.0142857142857142,
        1.042857142857143,
        1.0714285714285714,
        1.1,
        1.1285714285714286,
        1.1571428571428573,
        1.1857142857142857,
        1.2142857142857144,
        1.2428571428571429,
        1.2714285714285716,
        1.3,
        1.3285714285714285,
        1.3571428571428572,
        1.3857142857142857,
        1.4142857142857144,
        1.4428571428571428,
        1.4714285714285715,
        1.5
    ],
    "burn_in_steps": 25,
    "simulation_type": "fully_connected",
    "initial_ratio": 0.7,
    "timestamp": "20250319_172926",
    "varied_parameter": "ratio"
}