{
    "temperatures": [
        0.1,
        0.2,
        0.30000000000000004,
        0.4,
        0.5
    ],
    "average_magnetizations": [
        -0.20003687499999998,
        -0.24448374999999997,
        -0.270989375,
        -0.23321874999999995,
        -0.16629125
    ],
    "m_plus_avgs": [
        0.9999078125,
        0.888790625,
        0.8225265625,
        0.883903125,
        0.8909374999999999
    ],
    "m_minus_avgs": [
        -1.0,
        -1.0,
        -1.0,
        -0.9779666666666668,
        -0.8711104166666667
    ],
    "g_plus_list": [
        0.4,
        0.4,
        0.4,
        0.4,
        0.4
    ],
    "g_minus_list": [
        0.6,
        0.6,
        0.6,
        0.6,
        0.6
    ]
}