{
    "temperatures": [
        0.1,
        0.2,
        0.30000000000000004,
        0.4,
        0.5
    ],
    "average_magnetizations": [
        -0.4333699999999999,
        -0.50681,
        -0.5130899999999999,
        -0.48347000000000007,
        -0.4138300000000001
    ],
    "m_plus_avgs": [
        0.35935,
        0.18257500000000002,
        0.14315,
        0.136,
        0.138375
    ],
    "m_minus_avgs": [
        -0.96185,
        -0.9664000000000001,
        -0.9505833333333333,
        -0.8964500000000001,
        -0.7819666666666666
    ],
    "g_plus_list": [
        0.4,
        0.4,
        0.4,
        0.4,
        0.4
    ],
    "g_minus_list": [
        0.6,
        0.6,
        0.6,
        0.6,
        0.6
    ]
}